id;entreprise;site_officiel;implantation_roumanie;type;service_et_url_justificative;motif_adequation_cyberdre;fonction_decisionnaire;priorite;prochaine_action;date_verification;statut_preuve;informations_manquantes
1;Safetech Innovations;https://safetech.ro;Bucarest (cotée BVB, symbole SAFE);MDR + MSSP;MDR extended coverage: https://safetech.ro/en/safetech-mdr-services-with-extended-coverage/;Acteur local coté, offre MDR packagée, besoin pipeline mid-market;Directeur commercial / CEO;P1;Ouvrir page MDR, noter segments clients;2026-09-25;Index moteur, page non ouverte;Taille équipe commerciale; secteurs clients
2;Omnient;https://omnient.ro;Bucarest (fondée 2006, selon site);MSSP (SOC as a Service) + MDR;https://omnient.ro/soc-as-a-service/;Offre SOCaaS explicite, taille PME, dépend acquisition directe;CEO / Head of Sales;P1;Ouvrir page, vérifier adresse légale;2026-09-25;Index moteur, page non ouverte;Adresse légale; effectif
3;Bit Sentinel;https://bit-sentinel.com;Roumanie (adresse à confirmer, page contact);MSSP (SOCaaS) + MDR;https://bit-sentinel.com/soc-as-a-service/;SOCaaS + MDR explicites, historique pentest, cible OSE NIS2;CEO / Business Development;P1;Ouvrir page contact, confirmer ville;2026-09-25;Index moteur, page non ouverte;Ville; effectif
4;CyBourn;https://cybourn.com;SOC 24/7 à Bucarest (selon site);MDR;https://cybourn.com/about-us;MDR explicite, SOC Bucarest, ventes UK/US: besoin ciblage comptes;Head of Sales / Managing Director;P1;Vérifier entité juridique roumaine;2026-09-25;Index moteur, page non ouverte;Entité juridique RO; marché cible prioritaire
5;SINSOL;https://sinsol.ro;Str. Cătănoaia 33, Sector 3, Bucarest (selon site);MSSP (SOC as a Service);https://sinsol.ro/servicii/soc/;SOCaaS explicite, structure PME;Administrator / Director comercial;P1;Ouvrir page, vérifier effectif;2026-09-25;Index moteur, page non ouverte;Effectif; clients
6;Datanet Systems;https://datanets.ro;Roumanie (adresse à confirmer);MSSP + MDR;https://datanets.ro/en/datanet-systems-launches-dedicated-cybersecurity-division/;Signal fort: division cyber lancée 1 juillet 2026 (SOC 24/7, MDR);Directeur division cybersécurité / Sales Director;P1;Lire communiqué, identifier responsable division;2026-09-25;Index moteur, page non ouverte;Nom responsable division; ville
7;GMB Computers;https://gmb.ro;Roumanie; ville probable Constanța (hypothèse, SOC maritime);MSSP (SOC 24/7);https://gmb.ro/securitate-cibernetica/soc/;SOC CYMAROP 24/7, secteurs maritime/énergie/public;Director general / Director comercial;P2;Confirmer ville et offre commerciale SOC;2026-09-25;Index moteur, page non ouverte;Ville (hypothèse); SOC commercial ou projet financé
8;CyberGlobal RO;https://cybergl.com/ro/;Brâncuși 78, Cluj-Napoca (selon site);MSSP (managed SOC) + MDR;https://cybergl.com/ro/soc/;SOC et MDR explicites; réseau franchise;Country Manager / Franchise owner;P2;Vérifier statut franchise et entité locale;2026-09-25;Index moteur, page non ouverte;Entité juridique; décideur local
9;Team Secure Romania;https://teamsecure.ro;Bd. Iuliu Maniu 6L, Bucarest (selon site); maison mère Genève;MSSP;https://teamsecure.ro/en/cyber-security-services/managed-security-services;MSS explicite + staffing: besoin diversifier pipeline;Country Manager / Head of Sales;P2;Vérifier poids MSS vs staffing;2026-09-25;Index moteur, page non ouverte;Part MSS dans activité
10;DAF Cyber;https://dafcyber.com;Roumanie (hypothèse, site en roumain);MSSP (SOC/SIEM 24/7);https://dafcyber.com/;SOC 24/7 + offre NIS2, SLA <30 min annoncé;Fondateur / CEO;P2;Confirmer adresse et entité;2026-09-25;Index moteur, page non ouverte;Implantation (non prouvée); effectif
11;Cloud Vault;https://cloud-vault.ro;Roumanie; SOC situé en Roumanie (selon blog);MSSP;https://cloud-vault.ro/blog/provocarile-companiilor-din-romania-in-contextul-directivei-nis2-si-solutia-cloud-vault-managed-cyber-security-service/;Managed Cyber Security Service orienté NIS2;Fondateur / Director comercial;P2;Trouver page service officielle (preuve actuelle = blog);2026-09-25;Index moteur, page non ouverte;Page service; adresse
12;Privtech Solutions;https://privtech.ro;Roumanie (adresse à confirmer);MSSP partiel (SOC 8/5 + monitorisation 24/7);https://privtech.ro/servicii;Petite structure, offre NIS2 + SOC;Fondateur;P3;Vérifier périmètre SOC 8/5;2026-09-25;Index moteur, page non ouverte;Adresse; SOC propre ou revendu
13;TÜV Austria România;https://tuv-austria.ro;Roumanie (adresse à confirmer);MSSP (services SOC);https://www.tuv-austria.ro/securitate-cibernetica/servicii-soc-securitate-cibernetica/;Services SOC explicites + audit NIS2;Head of Cybersecurity / Business Unit Manager;P3;Identifier responsable BU cyber;2026-09-25;Index moteur, page non ouverte;Décideur; taille équipe SOC
14;certSIGN;https://www.certsign.ro;Bucarest (hypothèse, à confirmer);MSSP (services proactifs/réactifs type SOC);https://www.certsign.ro/ro/produse/securitate-cibernetica/servicii-proactive-si-reactive/;Leader consortium ENISA NIS2 Roumanie;Director vânzări / Head of Cyber Services;P3;Confirmer mention SOC managé sur page;2026-09-25;Index moteur, page non ouverte;Libellé exact offre SOC
15;Stefanini (SOC Bucarest);https://stefanini.com;SOC EMEA à Bucarest (ouvert 2021);MSSP + MDR;https://stefanini.com/en/insights/news/stefanini-launches-security-operations-center-romania;SOC EMEA, groupe international; inclut Cyber Smart Defence (acquisition 2025 non vérifiée);Head of Cybersecurity EMEA / Sales Director Romania;P3;Vérifier acquisition Cyber Smart Defence;2026-09-25;Index moteur, page non ouverte;Décideur local; statut acquisition
16;Cegeka Romania;https://www.cegeka.com/en/ro/cybersecurity;SOC en Roumanie (selon communiqué Cegeka);MSSP (SOC 24/7);https://www.cegeka.com/en/ro/cybersecurity;SOC 24/7 opéré depuis Roumanie;Country Manager / Security BU lead;P3;Vérifier ventes locales vs SOC de delivery;2026-09-25;Index moteur, page non ouverte;SOC delivery groupe ou offre locale
17;Vodafone România;https://www.vodafone.ro;Bucarest;MSSP + MDR (VBSOC);https://www.vodafone.ro/business/vbsoc;Opérateur avec SOC dédié + MDR (Google SecOps);Head of B2B Security / Product Manager Cyber;P3;Faible adéquation: grand compte, cycle long;2026-09-25;Index moteur, page non ouverte;Décideur
18;Orange România (Orange Business);https://www.orange.ro;Bucarest;MSSP (solutions SOC);https://www.orange.ro/business/securitate-cibernetica/solutii-soc/;Offre SOC B2B;Head of Cybersecurity Business;P3;Faible adéquation: grand compte;2026-09-25;Index moteur, page non ouverte;Décideur
19;Bitdefender;https://www.bitdefender.com;Siège Bucarest; SOC en Roumanie;MDR;https://www.bitdefender.com/en-us/business/services/managed-services;MDR explicite; éditeur mondial;VP Sales MDR / Channel Director;P3;Faible adéquation: acteur mondial, pas prioritaire;2026-09-25;Index moteur, page non ouverte;Aucune pour éligibilité; adéquation faible
